Image,RegionID,AspectRatio,PercentFilled,Hu1,Hu2,Hu3,Hu4,Hu5,Hu6,Hu7
/content/project3/assets/segmented_output/scissors.jpg,93,0.7943217665615142,0.9448052257186741,0.16820703168044887,0.001250758422455583,1.7782077063528766e-05,6.389958070001267e-07,-2.1524486694045022e-12,2.2593057811561663e-08,8.075710424669829e-14
/content/project3/assets/segmented_output/clip.jpg,80,0.6567796610169492,0.7142700929469655,0.18790642727137552,0.006730479367004052,0.0005112328062654194,0.00010039504662584844,2.271126201048407e-08,8.206356498327367e-06,1.2305180649964013e-09
/content/project3/assets/segmented_output/clip.jpg,86,0.7241379310344828,0.5199096880131363,0.22574803780435776,0.015017512310781968,0.0020164886692873576,9.37641824822714e-05,4.108591073238766e-09,-8.712000609150722e-07,-4.056364292530458e-08
/content/project3/assets/segmented_output/clip.jpg,105,0.9365853658536586,0.8229720528455284,0.17056600419086493,0.00010474332107034537,5.206265690704277e-05,5.26702733161376e-06,5.243425499160007e-11,-5.2396498755521613e-08,6.96980454266288e-11
/content/project3/assets/segmented_output/pill.jpg,77,1.21953125,0.9372017136450993,0.1667397080436317,0.0007393509207257119,3.5545530895964024e-05,7.235859281597355e-07,3.5420138785747765e-12,-6.714677418780781e-09,9.59508467982891e-13
/content/project3/assets/segmented_output/cube.jpg,52,0.8384279475982532,0.968286481077147,0.16799977895968402,0.0007687557832691702,7.15526349595584e-07,1.2908713295823966e-07,1.8177024014648794e-14,2.3576111118177983e-09,-3.4766692974810865e-14
/content/project3/assets/segmented_output/chickfila.jpg,51,1.3431269674711437,0.8686958945435467,0.18314380654004417,0.00550111353526017,5.6774022243916916e-05,3.854593060228703e-06,1.5433637872474937e-11,-1.9374326136167778e-07,5.489366204562234e-11
